DROP DATABASE IF EXISTS Tastie;
CREATE DATABASE IF NOT EXISTS Tastie;
--   CHARACTER SET latin1
--   COLLATE latin1_swedish_ci;
USE Tastie;
-- -- SELECT @@GLOBAL.sql_mode;
-- show variables like '%timeout';
-- SET GLOBAL net_read_timeout = 100000;

-- set global max_allowed_packet=67108864;
-- SET GLOBAL connect_timeout = 100000; 
-- SHOW SESSION VARIABLES LIKE 'wait_timeout';
-- SHOW GLOBAL STATUS LIKE 'Aborted_connects'

SET @ORIG_SQL_REQUIRE_PRIMARY_KEY = @@SQL_REQUIRE_PRIMARY_KEY;
SET SQL_REQUIRE_PRIMARY_KEY = 0;

CREATE TABLE `User`
(
	user_id BIGINT AUTO_INCREMENT PRIMARY KEY,
	first_name NVARCHAR(50),
	last_name NVARCHAR(50),
    gender TINYINT, # 0 là nữ, 1 là nam 
    birthday DATE,
	email VARCHAR(90) UNIQUE,
	phone CHAR(10) UNIQUE NOT NULL UNIQUE,
	`password` VARCHAR(100) NOT NULL,
	`role` TINYINT,  # 1 là customer, 2 là provider, 3 là shipper
    user_status TINYINT,
    #merchant_token VARCHAR(200),
    user_token VARCHAR(200),
	registered_at TIMESTAMP,
	# last_login_at TIMESTAMP,
	# CHECK (REGISTERED_AT >= LAST_LOGIN_AT),
	update_at TIMESTAMP,
	delete_at TIMESTAMP
	#CHECK (REGISTERED_AT >= UPDATE_AT AND REGISTERED_AT >= DELETE_AT),
	#CHECK (UPDATE_AT >= DELETE_AT),	
);
-- ALTER TABLE `User` DROP COLUMN recommend_product
ALTER TABLE `User` ADD recommend_product VARCHAR(800);


CREATE TABLE CustomerAddress
(
	customer_id BIGINT NOT NULL,
	address NVARCHAR (60), 
	city NVARCHAR(35),
    `type` TINYINT,
	longitude VARCHAR (50) NOT NULL,
    latitude VARCHAR (50) NOT NULL,
	token VARCHAR (200)
);


CREATE TABLE Provider
(
	provider_id BIGINT AUTO_INCREMENT UNIQUE NOT NULL,
    merchant_name NVARCHAR(120),
    address NVARCHAR(150),
	#hourse_number VARCHAR(20),
	road NVARCHAR(100),
    ward_id INT,
    district_id INT, 
    city_id INT, 
    `description` NVARCHAR(800), 
    keyword NVARCHAR(120), 
    hotline VARCHAR(12), 
    tax_code VARCHAR(50),
    rating TINYINT, 
    total_review INT, 
    price_range VARCHAR(11), 
	avatar VARCHAR(300), 
    cover_picture VARCHAR(120), 
    facade_photo VARCHAR(120), 
    latitude VARCHAR(20), 
    longitude VARCHAR(20),
    estimated_cooking_time VARCHAR(50),
	`status` TINYINT, # (1 open, 2 closed, 3 busy, -1 lock, 0: pending, -2 refuse)
    #credit_card_number, 
    erc VARCHAR(300), 
    rush_hour TIME,
    order_totals INT DEFAULT 0,
	user_id BIGINT NOT NULL UNIQUE,
    owner_id BIGINT, 
    current_form TINYINT,
    registered_at TIMESTAMP, 
    update_at TIMESTAMP NOT NULL, 
    delete_at TIMESTAMP
);

-- ALTER TABLE Provider MODIFY merchant_name NVARCHAR(120) NULL DEFAULT NULL; 

-- ALTER TABLE Provider MODIFY COLUMN description NVARCHAR(400);
-- ALTER TABLE Provider MODIFY COLUMN avatar VARCHAR(300);
-- ALTER TABLE Provider MODIFY COLUMN erc VARCHAR(300);
-- ALTER TABLE Provider MODIFY COLUMN `description` NVARCHAR(800);

#ALTER TABLE PROVIDER ADD (current_form TINYINT);
#ALTER TABLE PROVIDER ADD ( tax_code VARCHAR(50));

CREATE TABLE MenuPhoto(
	provider_id BIGINT NOT NULL,
    menu_image VARCHAR(120) NOT NULL
);
------------------------------------


CREATE TABLE Operation(
	provider_id BIGINT NOT NULL, 
    `day` NVARCHAR(20) NOT NULL, 
    open_time TIME NOT NULL, 
    close_time TIME NOT NULL, 
    #rush_hour TIME,
	create_at TIMESTAMP, 
    update_at TIMESTAMP NOT NULL,  
    delete_at TIMESTAMP
    
);
Use Tastie;
ALTER TABLE Operation CHANGE COLUMN update_at update_at TIMESTAMP NOT NULL DEFAULT '2021-12-11 14:18:07';

#ALTER TABLE operation drop update_at;
#ALTER TABLE operation add update_at TIMESTAMP;

CREATE TABLE `Owner`(
	owner_id BIGINT NOT NULL UNIQUE AUTO_INCREMENT, 
    #provider_id BIGINT,
    owner_card_id VARCHAR(20) UNIQUE, 
    owner_phone VARCHAR(12), 
    owner_name NVARCHAR(100), 
    email VARCHAR(90), 
    company_name NVARCHAR(150), 
    company_address NVARCHAR(150), 
    #register_as
    `role` TINYINT, # 1 là invididual, 2 là interprise
	create_at TIMESTAMP, 
    update_at TIMESTAMP NOT NULL, 
    delete_at TIMESTAMP
);


ALTER TABLE `Owner` ADD 
(
	bank_id_card_number NVARCHAR(30),
    date_of_issue DATE,
    bank_beneficiary_name NVARCHAR(120),
    bank_account_number VARCHAR(30),
    bank_name NVARCHAR(90),
    bank_province NVARCHAR(50),
    bank_branch NVARCHAR(60)
);


CREATE TABLE OwnerCardImage(
	owner_id BIGINT NOT NULL,
    owner_card_image VARCHAR(120) NOT NULL
); 

CREATE TABLE ProviderCategory (
	provider_category_id INT PRIMARY KEY AUTO_INCREMENT, 
    provider_category_name NVARCHAR(70),
    icon VARCHAR(300)
);

CREATE TABLE CuisineCategory (
	cuisine_category_id INT PRIMARY KEY AUTO_INCREMENT, 
    cuisine_category_name NVARCHAR(70),
    icon VARCHAR(300)
);

CREATE TABLE ProviderCategoryDetail(
	provider_category_id INT NOT NULL,
    provider_id BIGINT NOT NULL
);

CREATE TABLE CuisineCategoryDetail (
	cuisine_category_id INT NOT NULL, 
    provider_id BIGINT NOT NULL
);

CREATE TABLE MenuCategory (
	menu_id BIGINT NOT NULL UNIQUE AUTO_INCREMENT PRIMARY KEY, 
	`name` NVARCHAR(120),
    provider_id BIGINT,
    `position` SMALLINT
-- 	create_at DATE, 
--     update_at TIMESTAMP NOT NULL, 
--     delete_at DATE
);
ALTER TABLE MenuCategory CHANGE `name` `name` VARCHAR(120) CHARACTER SET utf8mb4 COLLATE utf8mb4_unicode_ci;


CREATE TABLE MenuCategoryDetail (
	menu_id BIGINT NOT NULL,
    product_id BIGINT NOT NULL
);
/*
CREATE TABLE Topping (
	topping_id BIGINT PRIMARY KEY, #
	product_id BIGINT,  #
	topping_name NVARCHAR(80), #  
	topping_status TINYINT, 
	`description` NVARCHAR(200), 
	price DECIMAL(10, 2),  #
	sold_quantity INT, 
	create_at DATE, 
	update_at TIMESTAMP, 
	delete_at DATE
);
*/
CREATE TABLE Product
(
	 product_id BIGINT UNIQUE NOT NULL AUTO_INCREMENT, 
     #food_category_id INT, 
     provider_id BIGINT NOT NULL, 
     product_name NVARCHAR(200) NOT NULL, 
	 product_status TINYINT,  # -1 là bị xóa, 0 là lock by admin, 1 là available, 2 là sold out, 3 là lock by provider, 4 hình non food
    `description` TEXT, 
     price INT NOT NULL, 
     product_image VARCHAR(500),
     quantity INT NOT NULL, 
     sold_quantity INT, 
	-- inventory INT, 
     -- Promotion, 
     `position` SMALLINT,
     rating TINYINT, 
	 create_at TIMESTAMP, 
     update_at TIMESTAMP NOT NULL, 
     delete_at TIMESTAMP
);
ALTER TABLE Product CHANGE product_name product_name VARCHAR(200) CHARACTER SET utf8mb4 COLLATE utf8mb4_unicode_ci;

-- ALTER TABLE Product MODIFY COLUMN product_name NVARCHAR(200);
# ALTER TABLE Product MODIFY COLUMN product_image VARCHAR(500);


-- ALTER TABLE Product
--   DROP INDEX update_at;
-- ALTER TABLE `Product` ADD (
-- 	food_category_id INT
-- );

CREATE TABLE ProductOption
(
	product_id BIGINT NOT NULL, 
    label NVARCHAR(100) NOT NULL,
    `value` NVARCHAR(100) NOT NULL,
	option_description NVARCHAR(100),
	is_required BOOLEAN,
    price FLOAT
    
);
-- CREATE TABLE ProductOptionDetail
-- (
-- 	product_option_id INT NOT NULL UNIQUE, 
-- 	product_id BIGINT NOT NULL, 
-- 	price INT
-- );

-- ALTER TABLE productoption
--   DROP INDEX product_id ;


CREATE TABLE FoodCategory
(
	food_category_id INT UNIQUE NOT NULL AUTO_INCREMENT PRIMARY KEY,
    food_category_name NVARCHAR(90),
    main_food_category_id INT
);

CREATE TABLE FoodCategoryDetail
(
	food_category_id INT NOT NULL,
    product_id BIGINT
);

CREATE TABLE MainFoodCategory
(
	main_food_category_id INT UNIQUE NOT NULL AUTO_INCREMENT PRIMARY KEY,
    main_food_category_name NVARCHAR(90)
);


CREATE TABLE MainFoodCategoryDetail
(
	main_food_category_id INT NOT NULL,
    product_id BIGINT
);

-- #1.000.000
ALTER TABLE `User` AUTO_INCREMENT = 1000000;
ALTER TABLE `Provider` AUTO_INCREMENT = 1000000;
ALTER TABLE `Owner` AUTO_INCREMENT = 1000000;
ALTER TABLE `ProviderCategory` AUTO_INCREMENT = 1000000;
ALTER TABLE  CuisineCategory AUTO_INCREMENT = 1000000;
ALTER TABLE `Product` AUTO_INCREMENT = 1000000;
ALTER TABLE `MenuCategory` AUTO_INCREMENT = 1000000;
ALTER TABLE `FoodCategory` AUTO_INCREMENT = 1000000;
ALTER TABLE `MainFoodCategory` AUTO_INCREMENT = 1000000;
#ALTER TABLE ProductOption AUTO_INCREMENT = 1000000;

#-------------------------------
# Customer
ALTER TABLE CustomerAddress ADD CONSTRAINT PK_CustomerAddress PRIMARY KEY (customer_id, latitude, longitude); 
ALTER TABLE CustomerAddress ADD CONSTRAINT FK_Customer_Address foreign key (customer_id) references `User`(user_id);

#provider
ALTER TABLE MenuPhoto ADD CONSTRAINT PK_MenuPhoto PRIMARY KEY (provider_id, menu_image);
ALTER TABLE Operation ADD CONSTRAINT PK_Operation PRIMARY KEY (provider_id, `day`, open_time, close_time);
#ALTER TABLE Operation ADD UNIQUE `unique_index`(`description`, `value`);

ALTER TABLE Provider ADD CONSTRAINT PK_Provider PRIMARY KEY (provider_id, update_at);
ALTER TABLE Provider ADD CONSTRAINT FK_Owner_owns_Provider foreign key (owner_id) references `Owner`(owner_id);
-- ALTER TABLE Provider ADD CONSTRAINT FK_Provider_belongto_ProviderCategory foreign key (provider_category_id) references `ProviderCategory`(provider_category_id);
-- ALTER TABLE Provider ADD CONSTRAINT FK_Provider_belongto_CuisineCategory foreign key (cuisine_category_id) references `CuisineCategory`(cuisine_category_id);
-- ALTER TABLE Provider ADD CONSTRAINT FK_User_opens_Shop foreign key (user_id) references `User`(user_id);
ALTER TABLE Provider ADD CONSTRAINT FK_User_opens_Shop foreign key (user_id) references `User`(user_id);
# menu
#ALTER TABLE MenuCategory ADD CONSTRAINT PK_MenuCategory PRIMARY KEY (menu_id, update_at);
#ALTER TABLE Provider ADD CONSTRAINT FK_Shop_has_Menu foreign key (menu_id) references `MenuCategory`(menu_id);
ALTER TABLE MenuCategory ADD CONSTRAINT FK_MenuCategory_belongto_Shop foreign key (provider_id) references `Provider`(provider_id);

# DROP INDEX Provider_Has_UniqueMenuItem ON MenuCategory;

ALTER TABLE MenuCategory ADD UNIQUE Provider_Has_UniqueMenuItem (`name`, provider_id);

ALTER TABLE MenuCategoryDetail ADD CONSTRAINT PK_MenuCategoryDetail PRIMARY KEY (menu_id, product_id);
ALTER TABLE MenuCategoryDetail ADD CONSTRAINT FK_Product_belongto_MenuCategory foreign key (product_id) references Product(product_id);
ALTER TABLE MenuCategoryDetail ADD CONSTRAINT FK_MenuCategories_belongto_MenuCategory foreign key (menu_id) references MenuCategory(menu_id);


#provider category
ALTER TABLE ProviderCategoryDetail ADD CONSTRAINT PK_ProviderCategory PRIMARY KEY (provider_id, provider_category_id);
ALTER TABLE ProviderCategoryDetail ADD CONSTRAINT FK_Provider_belongto_ProviderCategory foreign key (provider_id) references Provider(provider_id);
ALTER TABLE ProviderCategoryDetail ADD CONSTRAINT FK_ProviderCategory_contains_Provider foreign key (provider_category_id) references ProviderCategory(provider_category_id);

#cuisine category
ALTER TABLE CuisineCategoryDetail ADD CONSTRAINT PK_CuisineCategory PRIMARY KEY (provider_id, cuisine_category_id);
ALTER TABLE CuisineCategoryDetail ADD CONSTRAINT FK_Provider_belongto_CuisineCategory foreign key (provider_id) references Provider(provider_id);
ALTER TABLE CuisineCategoryDetail ADD CONSTRAINT FK_CuisineCategory_contains_Provider foreign key (cuisine_category_id) references CuisineCategory(cuisine_category_id);

#owner
ALTER TABLE `Owner` ADD CONSTRAINT PK_Owner PRIMARY KEY (owner_id, update_at);
ALTER TABLE `OwnerCardImage` ADD CONSTRAINT PK_OwnerCardImage PRIMARY KEY (owner_id, owner_card_image);
#ALTER TABLE `Owner` ADD CONSTRAINT FK_Provider_belongto_Owner foreign key (provider_id) references `Provider`(provider_id);

#product
ALTER TABLE Product ADD CONSTRAINT PK_Product PRIMARY KEY (product_id, update_at);
ALTER TABLE Product ADD CONSTRAINT FK_Product_belongto_Provider foreign key (provider_id) references Provider(provider_id);   ###


#product option detail
ALTER TABLE ProductOption ADD CONSTRAINT PK_ProductOption PRIMARY KEY (product_id, value, label);
ALTER TABLE ProductOption ADD CONSTRAINT FK_ProductOption_Of_Product foreign key (product_id) references `Product`(product_id);

#ALTER TABLE ProductOptionDetail ADD CONSTRAINT FK_Product_Has_ProductOption foreign key (product_option_id) references `ProductOption`(product_option_id);
-- ALTER TABLE ProductOption ADD UNIQUE `unique_index`(`label`, `value`);

#FoodCategory
ALTER TABLE FoodCategory ADD CONSTRAINT FK_FoodCategory_belongto_MainFoodCategory foreign key (main_food_category_id) references `MainFoodCategory`(main_food_category_id);
ALTER TABLE FoodCategoryDetail ADD CONSTRAINT PK_FoodCategoryDetail PRIMARY KEY (product_id, food_category_id);
ALTER TABLE FoodCategoryDetail ADD CONSTRAINT FK_FoodCategoryDetail_links_FoodCategory foreign key (food_category_id) references `FoodCategory`(food_category_id);
ALTER TABLE FoodCategoryDetail ADD CONSTRAINT FK_Product_links_FoodCategoryDetail foreign key (product_id) references `Product`(product_id);

ALTER TABLE MainFoodCategoryDetail ADD CONSTRAINT PK_MainFoodCategoryDetail PRIMARY KEY (product_id, main_food_category_id);
ALTER TABLE MainFoodCategoryDetail ADD CONSTRAINT FK_MainFoodCategoryDetail_links_FoodCategory foreign key (main_food_category_id) references `MainFoodCategory`(main_food_category_id);
ALTER TABLE MainFoodCategoryDetail ADD CONSTRAINT FK_Product_links_MainFoodCategoryDetail foreign key (product_id) references `Product`(product_id);


#----------------------------------------------------------------------



-- ###Dummy data
-- INSERT INTO `User`(phone, `password`,`role`, email, first_name, last_name, gender, birthday, registered_at, update_at,delete_at)
-- VALUES  ('1111111111', 'AAAAAA', 1,NULL, 'Customer 1', NULL, NULL, NULL, NULL, NOW(), NULL),
-- 		('222222222', 'BBBBBB', 1,'B@gmail.com', 'Ty', 'Teo', NULL,NULL, NULL, NOW(), NULL),
-- 		('333333333', 'CCCCCC', 1,NULL, 'Customer 3', NULL, NULL, NULL, NULL, NOW(), NULL),
--         ('131111111', 'A2AAAAA', 1,NULL, 'Customer 1', NULL, NULL, NULL, NULL, NOW(), NULL),
-- 		('2222232222', 'BBB2BBB', 1,'B3@gmail.com', 'Ty', 'Teo', NULL,NULL, NULL, NOW(), NULL),
-- 		('3333433333', 'CC6CCCC', 1,NULL, 'Customer 3', NULL, NULL, NULL, NULL, NOW(), NULL);
--  
--  
--  
-- INSERT INTO CustomerAddress(customer_id, address, city, `type`, longitude, latitude)
-- VALUES (1000001, N'227 Nguyễn Văn Cừ, Q5', N'TPHCM', NULL, '10.7573379', '106.6640827'),
-- 		(1000001, N'1 Nguyễn Văn Trỗi, Q.Phú Nhuận', N'TPHCM', NULL, '11.7573379', '107.6640827');
--         
--         
-- INSERT INTO `Provider` (update_at, merchant_name, address, ward_id, district_id, city_id, road,user_id, latitude, longitude) VALUES (NOW(), N'Ăn cho zui', '2 NVC P10 Q5', 2, 3, 4, 'NVC', 1000000, 10.7623195, 106.6826327);
-- INSERT INTO `Provider` (update_at, merchant_name, address, ward_id, district_id, city_id, road,user_id, latitude, longitude) VALUES (NOW(), N'Ăn cho zui2', '42 NVC P10 Q5', 22, 13, 34, 'NVC', 1000001, 10.7623563, 106.6825202);
-- INSERT INTO `Provider` (update_at, merchant_name, address, ward_id, district_id, city_id, road,user_id, latitude, longitude) VALUES (NOW(), N'Ăn cho zui3', '42 NVC P10 Q5', 22, 13, 34, 'NVC', 1000002, 10.7637215, 106.6821137);
-- INSERT INTO `Provider` (update_at, merchant_name, address, ward_id, district_id, city_id, road,user_id, latitude, longitude) VALUES (NOW(), N'Ăn cho zui3', '42 NVC P10 Q5', 22, 13, 34, 'NVC', 1000003, 10.7637258, 106.6819771);
-- INSERT INTO `Provider` (update_at, merchant_name, address, ward_id, district_id, city_id, road,user_id, latitude, longitude) VALUES (NOW(), N'Ăn cho zui3', '42 NVC P10 Q5', 22, 13, 34, 'NVC', 1000004, 10.7865534, 106.7064026);
-- INSERT INTO `Provider` (update_at, merchant_name, address, ward_id, district_id, city_id, road,user_id, latitude, longitude) VALUES (NOW(), N'Ăn cho zui3', '42 NVC P10 Q5', 22, 13, 34, 'NVC', 1000005, 10.7865534, 106.7064026);

--         
--  
--  
--         
-- INSERT INTO `mainfoodcategory` (`main_food_category_id`,`main_food_category_name`) VALUES (1000000,'Đồ uống');
-- INSERT INTO `mainfoodcategory` (`main_food_category_id`,`main_food_category_name`) VALUES (1000001,'Đồ khô');
-- INSERT INTO `mainfoodcategory` (`main_food_category_id`,`main_food_category_name`) VALUES (1000002,'Đồ nước');

-- INSERT INTO `cuisinecategory` (`cuisine_category_id`,`cuisine_category_name`) VALUES (1000000,'Tây');
-- INSERT INTO `cuisinecategory` (`cuisine_category_id`,`cuisine_category_name`) VALUES (1000001,'Á');
-- INSERT INTO `cuisinecategory` (`cuisine_category_id`,`cuisine_category_name`) VALUES (1000002,'Âu');
-- INSERT INTO `foodcategory` (`food_category_id`,`food_category_name`,`main_food_category_id`) VALUES (1000000,'Trà Sữa',1000000);
-- INSERT INTO `foodcategory` (`food_category_id`,`food_category_name`,`main_food_category_id`) VALUES (1000001,'Coffee',1000000);
-- INSERT INTO `foodcategory` (`food_category_id`,`food_category_name`,`main_food_category_id`) VALUES (1000002,'alcohol',1000000);
-- INSERT INTO `menucategory` (`menu_id`,`name`,`provider_id`,`position`) VALUES (1000001,'Pick for you',1000000,1);
-- INSERT INTO `menucategory` (`menu_id`,`name`,`provider_id`,`position`) VALUES (1000002,'Fast',1000000,3);
-- INSERT INTO `menucategory` (`menu_id`,`name`,`provider_id`,`position`) VALUES (1000003,'Yum Yum',1000000,2);
-- INSERT INTO `providercategory` (`provider_category_id`,`provider_category_name`) VALUES (1000000,'Nhanh');
-- INSERT INTO `providercategory` (`provider_category_id`,`provider_category_name`) VALUES (1000001,'24h');
-- INSERT INTO `providercategory` (`provider_category_id`,`provider_category_name`) VALUES (1000002,'Sang trọng');

-- INSERT INTO `Product` (`product_id`,`provider_id`,`product_name`,`product_status`,`description`,`price`,`quantity`,`sold_quantity`,`position`,`rating`,`create_at`,`update_at`,`delete_at`) VALUES (1000000,1000001,'trà',1,'uống zô mất ngủ',5,100,6,2,4,'2021-01-01', NOW(),NULL);
-- INSERT INTO `Product` (`product_id`,`provider_id`,`product_name`,`product_status`,`description`,`price`,`quantity`,`sold_quantity`,`position`,`rating`,`create_at`,`update_at`,`delete_at`) VALUES (1000001,1000001,'nước',1,NULL,22,100,6,2,4,NOW(),NOW(),NULL);
-- INSERT INTO `Product` (`product_id`,`provider_id`,`product_name`,`product_status`,`description`,`price`,`quantity`,`sold_quantity`,`position`,`rating`,`create_at`,`update_at`,`delete_at`) VALUES (1000002,1000001,'bánh',1,NULL,33,100,6,2,4,'2021-01-01',NOW(),NULL);
-- INSERT INTO `Product` (`product_id`,`provider_id`,`product_name`,`product_status`,`description`,`price`,`quantity`,`sold_quantity`,`position`,`rating`,`create_at`,`update_at`,`delete_at`) VALUES (1000003,1000001,'trái cây',1,NULL,90,100,6,2,4, NOW(),NOW(),NULL);
-- INSERT INTO `Product` (`product_id`,`provider_id`,`product_name`,`product_status`,`description`,`price`,`quantity`,`sold_quantity`,`position`,`rating`,`create_at`,`update_at`,`delete_at`) VALUES (1000004,1000001,'cái gì nhỉ',1,NULL,90,100,6,2,4, NOW(),NOW(),NULL);
-- INSERT INTO `Product` (`product_id`,`provider_id`,`product_name`,`product_status`,`description`,`price`,`quantity`,`sold_quantity`,`position`,`rating`,`create_at`,`update_at`,`delete_at`) VALUES (1000005,1000001,'kẹo',1,NULL,90,100,6,2,4, NOW(),NOW(),NULL);

-- INSERT INTO `MenuCategoryDetail` (`menu_id`,`product_id`) VALUES (1000001,1000000);
-- INSERT INTO `MenuCategoryDetail` (`menu_id`,`product_id`) VALUES (1000001,1000001);
-- INSERT INTO `MenuCategoryDetail` (`menu_id`,`product_id`) VALUES (1000001,1000002);
-- INSERT INTO `MenuCategoryDetail` (`menu_id`,`product_id`) VALUES (1000001,1000003);
-- INSERT INTO `MenuCategoryDetail` (`menu_id`,`product_id`) VALUES (1000002,1000003);
-- INSERT INTO `MenuCategoryDetail` (`menu_id`,`product_id`) VALUES (1000001,1000004);
-- INSERT INTO `MenuCategoryDetail` (`menu_id`,`product_id`) VALUES (1000002,1000004);
-- INSERT INTO `MenuCategoryDetail` (`menu_id`,`product_id`) VALUES (1000001,1000005);

-- ALTER TABLE Operation DROP COLUMN rush_hour;
-- ALTER TABLE Provider ADD (rush_hour TIME);

-- ALTER TABLE `Owner` DROP INDEX owner_card_id ;

-- ALTER TABLE Owner ADD (update_at TIMESTAMP);
-- ALTER TABLE `Owner` ADD (provider_id BIGINT) ;
#ALTER TABLE Provider DROP FOREIGN KEY FK_Owner_owns_Provider;
